[
    {
        "index": 11,
        "tag": "Activities"
    },
    {
        "index": 12,
        "tag": "Activities"
    },
    {
        "index": 14,
        "tag": "Activities"
    },
    {
        "index": 25,
        "tag": "Activities"
    },
    {
        "index": 43,
        "tag": "Activities"
    },
    {
        "index": 54,
        "tag": "Activities"
    },
    {
        "index": 55,
        "tag": "Activities"
    },
    {
        "index": 57,
        "tag": "Activities"
    },
    {
        "index": 60,
        "tag": "Activities"
    },
    {
        "index": 15,
        "tag": "Scheduling"
    },
    {
        "index": 53,
        "tag": "Scheduling"
    },
    {
        "index": 56,
        "tag": "Scheduling"
    },
    {
        "index": 58,
        "tag": "Scheduling"
    },
    {
        "index": 59,
        "tag": "Scheduling"
    },
    {
        "index": 61,
        "tag": "Scheduling"
    },
    {
        "index": 62,
        "tag": "Scheduling"
    },
    {
        "index": 63,
        "tag": "Scheduling"
    },
    {
        "index": 65,
        "tag": "Scheduling"
    },
    {
        "index": 16,
        "tag": "Emotions"
    },
    {
        "index": 17,
        "tag": "Emotions"
    },
    {
        "index": 18,
        "tag": "Emotions"
    },
    {
        "index": 19,
        "tag": "Emotions"
    },
    {
        "index": 20,
        "tag": "Emotions"
    },
    {
        "index": 21,
        "tag": "Emotions"
    },
    {
        "index": 22,
        "tag": "Emotions"
    },
    {
        "index": 77,
        "tag": "Emotions"
    },
    {
        "index": 78,
        "tag": "Emotions"
    },
    {
        "index": 79,
        "tag": "Emotions"
    },
    {
        "index": 5,
        "tag": "Goals"
    },
    {
        "index": 6,
        "tag": "Goals"
    },
    {
        "index": 7,
        "tag": "Goals"
    },
    {
        "index": 8,
        "tag": "Goals"
    },
    {
        "index": 9,
        "tag": "Goals"
    },
    {
        "index": 10,
        "tag": "Goals"
    },
    {
        "index": 13,
        "tag": "Goals"
    },
    {
        "index": 24,
        "tag": "Goals"
    },
    {
        "index": 42,
        "tag": "Goals"
    },
    {
        "index": 64,
        "tag": "Goals"
    },
    {
        "index": 66,
        "tag": "Goals"
    },
    {
        "index": 23,
        "tag": "Goals"
    },
    {
        "index": 26,
        "tag": "Physical Entities"
    },
    {
        "index": 27,
        "tag": "Physical Entities"
    },
    {
        "index": 28,
        "tag": "Physical Entities"
    },
    {
        "index": 29,
        "tag": "Physical Entities"
    },
    {
        "index": 30,
        "tag": "Physical Entities"
    },
    {
        "index": 31,
        "tag": "Physical Entities"
    },
    {
        "index": 38,
        "tag": "Physical Entities"
    },
    {
        "index": 39,
        "tag": "Physical Entities"
    },
    {
        "index": 40,
        "tag": "Physical Entities"
    },
    {
        "index": 41,
        "tag": "Physical Entities"
    },
    {
        "index": 49,
        "tag": "Values"
    },
    {
        "index": 50,
        "tag": "Values"
    },
    {
        "index": 68,
        "tag": "Values"
    },
    {
        "index": 69,
        "tag": "Values"
    },
    {
        "index": 70,
        "tag": "Values"
    },
    {
        "index": 85,
        "tag": "Values"
    },
    {
        "index": 86,
        "tag": "Values"
    },
    {
        "index": 87,
        "tag": "Values"
    },
    {
        "index": 88,
        "tag": "Values"
    },
    {
        "index": 89,
        "tag": "Values"
    }
]