[
    {
        "answer": "Remove destinations in France",
        "index": 11
    },
    {
        "answer": "Book hotels that have free cancellation",
        "index": 12
    },
    {
        "answer": "Check if the tickets are good for the next day",
        "index": 14
    },
    {
        "answer": "Jog in the park",
        "index": 25
    },
    {
        "answer": "Ride the subway",
        "index": 43
    },
    {
        "answer": "Buy train tickets",
        "index": 54
    },
    {
        "answer": "Ride train from Amsterdam to London",
        "index": 55
    },
    {
        "answer": "Buy flight tickets",
        "index": 57
    },
    {
        "answer": "Ride subway",
        "index": 60
    },
    {
        "answer": "Go to the museum at night",
        "index": 15
    },
    {
        "answer": "Thamis river boat ride",
        "index": 53
    },
    {
        "answer": "Visit the Big Ben",
        "index": 56
    },
    {
        "answer": "Book hotels",
        "index": 58
    },
    {
        "answer": "Have lunch",
        "index": 59
    },
    {
        "answer": "Leave hotel",
        "index": 61
    },
    {
        "answer": "Have breakfast in the hotel",
        "index": 62
    },
    {
        "answer": "Visit a museum",
        "index": 63
    },
    {
        "answer": "Return to the hotel",
        "index": 65
    },
    {
        "answer": "Frustrated",
        "index": 16
    },
    {
        "answer": "Sad",
        "index": 17
    },
    {
        "answer": "Excited",
        "index": 18
    },
    {
        "answer": "Happy",
        "index": 19
    },
    {
        "answer": "Better",
        "index": 20
    },
    {
        "answer": "Delighted",
        "index": 21
    },
    {
        "answer": "Worse",
        "index": 22
    },
    {
        "answer": "Confused",
        "index": 77
    },
    {
        "answer": "Angry",
        "index": 78
    },
    {
        "answer": "Conflicted",
        "index": 79
    },
    {
        "answer": "To shop",
        "index": 5
    },
    {
        "answer": "Go to restaurants",
        "index": 6
    },
    {
        "answer": "Go to parks",
        "index": 7
    },
    {
        "answer": "Visit museums",
        "index": 8
    },
    {
        "answer": "Visit family",
        "index": 9
    },
    {
        "answer": "Study",
        "index": 10
    },
    {
        "answer": "Spend most of the vacation in France",
        "index": 13
    },
    {
        "answer": "Do boat rides in appropriate boats",
        "index": 24
    },
    {
        "answer": "She would prefer to cycle",
        "index": 42
    },
    {
        "answer": "Get a coffee",
        "index": 64
    },
    {
        "answer": "Have dinner in a new place",
        "index": 66
    },
    {
        "answer": "Go to parks with plenty of shades spots",
        "index": 23
    },
    {
        "answer": "Sandwiches",
        "index": 26
    },
    {
        "answer": "Salad",
        "index": 27
    },
    {
        "answer": "Wraps",
        "index": 28
    },
    {
        "answer": "Steak",
        "index": 29
    },
    {
        "answer": "Risotto",
        "index": 30
    },
    {
        "answer": "Baked potato",
        "index": 31
    },
    {
        "answer": "Chloe",
        "index": 38
    },
    {
        "answer": "Caitlin",
        "index": 39
    },
    {
        "answer": "Jacky",
        "index": 40
    },
    {
        "answer": "Joann",
        "index": 41
    },
    {
        "answer": "1/4 or less",
        "index": 49
    },
    {
        "answer": "More than 1/4",
        "index": 50
    },
    {
        "answer": "Less than all others",
        "index": 68
    },
    {
        "answer": "About half",
        "index": 69
    },
    {
        "answer": "Nothing",
        "index": 70
    },
    {
        "answer": "50%",
        "index": 85
    },
    {
        "answer": "2%",
        "index": 86
    },
    {
        "answer": "3/4 or less",
        "index": 87
    },
    {
        "answer": "More than 3/4",
        "index": 88
    },
    {
        "answer": "More than all others",
        "index": 89
    }
]