[
    {
        "id": 48,
        "index": 11
    },
    {
        "id": 48,
        "index": 12
    },
    {
        "id": 48,
        "index": 14
    },
    {
        "id": 48,
        "index": 25
    },
    {
        "id": 48,
        "index": 43
    },
    {
        "id": 48,
        "index": 54
    },
    {
        "id": 48,
        "index": 55
    },
    {
        "id": 48,
        "index": 57
    },
    {
        "id": 48,
        "index": 60
    },
    {
        "id": 58,
        "index": 15
    },
    {
        "id": 58,
        "index": 53
    },
    {
        "id": 58,
        "index": 56
    },
    {
        "id": 58,
        "index": 58
    },
    {
        "id": 58,
        "index": 59
    },
    {
        "id": 58,
        "index": 61
    },
    {
        "id": 58,
        "index": 62
    },
    {
        "id": 58,
        "index": 63
    },
    {
        "id": 58,
        "index": 65
    },
    {
        "id": 12,
        "index": 16
    },
    {
        "id": 12,
        "index": 17
    },
    {
        "id": 12,
        "index": 18
    },
    {
        "id": 12,
        "index": 19
    },
    {
        "id": 12,
        "index": 20
    },
    {
        "id": 12,
        "index": 21
    },
    {
        "id": 12,
        "index": 22
    },
    {
        "id": 12,
        "index": 77
    },
    {
        "id": 12,
        "index": 78
    },
    {
        "id": 12,
        "index": 79
    },
    {
        "id": 19,
        "index": 5
    },
    {
        "id": 19,
        "index": 6
    },
    {
        "id": 19,
        "index": 7
    },
    {
        "id": 19,
        "index": 8
    },
    {
        "id": 19,
        "index": 9
    },
    {
        "id": 19,
        "index": 10
    },
    {
        "id": 19,
        "index": 13
    },
    {
        "id": 19,
        "index": 24
    },
    {
        "id": 19,
        "index": 42
    },
    {
        "id": 19,
        "index": 64
    },
    {
        "id": 19,
        "index": 66
    },
    {
        "id": 19,
        "index": 23
    },
    {
        "id": 51,
        "index": 26
    },
    {
        "id": 51,
        "index": 27
    },
    {
        "id": 51,
        "index": 28
    },
    {
        "id": 51,
        "index": 29
    },
    {
        "id": 51,
        "index": 30
    },
    {
        "id": 51,
        "index": 31
    },
    {
        "id": 51,
        "index": 38
    },
    {
        "id": 51,
        "index": 39
    },
    {
        "id": 51,
        "index": 40
    },
    {
        "id": 51,
        "index": 41
    },
    {
        "id": 41,
        "index": 5
    },
    {
        "id": 41,
        "index": 6
    },
    {
        "id": 41,
        "index": 7
    },
    {
        "id": 41,
        "index": 8
    },
    {
        "id": 41,
        "index": 9
    },
    {
        "id": 41,
        "index": 10
    },
    {
        "id": 41,
        "index": 13
    },
    {
        "id": 41,
        "index": 24
    },
    {
        "id": 41,
        "index": 42
    },
    {
        "id": 41,
        "index": 64
    },
    {
        "id": 41,
        "index": 66
    },
    {
        "id": 41,
        "index": 23
    },
    {
        "id": 54,
        "index": 49
    },
    {
        "id": 54,
        "index": 50
    },
    {
        "id": 54,
        "index": 68
    },
    {
        "id": 54,
        "index": 69
    },
    {
        "id": 54,
        "index": 70
    },
    {
        "id": 54,
        "index": 85
    },
    {
        "id": 54,
        "index": 86
    },
    {
        "id": 54,
        "index": 87
    },
    {
        "id": 54,
        "index": 88
    },
    {
        "id": 54,
        "index": 89
    },
    {
        "id": 55,
        "index": 15
    },
    {
        "id": 55,
        "index": 53
    },
    {
        "id": 55,
        "index": 56
    },
    {
        "id": 55,
        "index": 58
    },
    {
        "id": 55,
        "index": 59
    },
    {
        "id": 55,
        "index": 61
    },
    {
        "id": 55,
        "index": 62
    },
    {
        "id": 55,
        "index": 63
    },
    {
        "id": 55,
        "index": 65
    }
]