{
    "context": "Planning a vacation abroad",
    "theme": "After almost two years without a vacation, Chloe is taking a whole month off. She's planning a three-week trip with a few close friends. They always thought about visiting Europe's most famous destinations, including Paris, and London.",
    "tasks": [
        [
            {
                "id": 48,
                "question": "There is heavy traffic and Chloe needs to check in at the museum before closing, what should she do?"
            },
            {
                "id": 58,
                "question": "Chloe and her friends have scheduled a few local tours. What activities might they do on the day of their tours?"
            },
            {
                "id": 12,
                "question": "After arriving late in Amsterdam, Chloe couldn't go to museums as she had planned. How did she felt?"
            },
            {
                "id": 19,
                "question": "While Chloe does like outdoor activities, she doesn't appreciate them when it's sunny and hot. During her trip to Europe, what should she do during the day?"
            },
            {
                "id": 51,
                "question": "Chloe and her three friends Jacky, Caitlin, and Joann plan to go shopping but Joann feels sick before going out, who should stay in the room and take a rest?"
            },
            {
                "id": 41,
                "question": "After ten hours of flying, Chloe is hungry, where would she go?"
            },
            {
                "id": 54,
                "question": "Chloe and her friends shared several taxi rides on their vacation.  What percentage should each person pay as their share of the taxi rides?"
            },
            {
                "id": 55,
                "question": "How might Chloe and her friends schedule their first day in Paris?"
            }
        ]
    ]
}